{
  "info": {
    "_postman_id": "a1b2c3d4-e5f6-7890-g1h2-i3j4k5l6m7n8",
    "name": "URL Shortener API",
    "schema": "https://schema.getpostman.com/json/collection/v2.1.0/collection.json",
    "_exporter_id": "12345678"
  },
  "item": [
    {
      "name": "Shorten URL",
      "request": {
        "method": "POST",
        "header": [
          {
            "key": "Content-Type",
            "value": "application/json"
          }
        ],
        "body": {
          "mode": "raw",
          "raw": "{\n    \"longUrl\": \"https://example.com/very/long/url\"\n}"
        },
        "url": {
          "raw": "{{base_url}}/api/shorten",
          "host": [
            "{{base_url}}"
          ],
          "path": [
            "api",
            "shorten"
          ]
        }
      },
      "response": []
    },
    {
      "name": "Redirect to Original URL",
      "request": {
        "method": "GET",
        "header": [],
        "url": {
          "raw": "{{base_url}}/:code",
          "host": [
            "{{base_url}}"
          ],
          "path": [
            ":code"
          ],
          "variable": [
            {
              "key": "code",
              "value": "your_short_code_here"
            }
          ]
        }
      },
      "response": []
    },
    {
      "name": "Get URL Stats",
      "request": {
        "method": "GET",
        "header": [],
        "url": {
          "raw": "{{base_url}}/api/:code/stats",
          "host": [
            "{{base_url}}"
          ],
          "path": [
            "api",
            ":code",
            "stats"
          ],
          "variable": [
            {
              "key": "code",
              "value": "your_short_code_here"
            }
          ]
        }
      },
      "response": []
    },
    {
      "name": "Health Check",
      "request": {
        "method": "GET",
        "header": [],
        "url": {
          "raw": "{{base_url}}/health",
          "host": [
            "{{base_url}}"
          ],
          "path": [
            "health"
          ]
        }
      },
      "response": []
    }
  ],
  "variable": [
    {
      "key": "base_url",
      "value": "http://localhost:3000"
    }
  ]
}
